id,Name,titleProject_id,class,score,login,password
0 , Сербин Геннадий Михаилович , 7 , 8в , 2 , Сербин_ГМ , O5iK56Aa
1 , Папандина Клавдия Яковлевна , 304 , 9в , 5 , Папандина_КЯ , dUFmnIz8
2 , Белагина Галина Андреевна , 396 , 9а , 4 , Белагина_ГА , jsmKAG3c
3 , Кижняева Анна Леонидовна , 178 , 7и , 2 , Кижняева_АЛ , L86vKG9O
4 , Цывин Олег Яковлевич , 446 , 7т , 2 , Цывин_ОЯ , A9RiOeoE
5 , Жидняева Ксения Эдуардовна , 373 , 7х , 4 , Жидняева_КЭ , ppvuZG7o
6 , Липковский Анатолий Иванович , 144 , 10а , 2 , Липковский_АИ , diL84YnW
7 , Меднова Наталья Богдановна , 290 , 7и , 5 , Меднова_НБ , hJ9VpVMf
8 , Житихин Вячеслав Романович , 141 , 9а , 5 , Житихин_ВР , JKAY8dxq
9 , Шеврина Полина Максимовна , 33 , 11а , 5 , Шеврина_ПМ , l7aDIdDU
10 , Алпеев Валентин Данилович , 323 , 8а , 2 , Алпеев_ВД , 65jmVwAN
11 , Золикова Клара Игоревна , 364 , 10х , 2 , Золикова_КИ , 6OVtXx6S
12 , Дориков Дмитрий Петрович , 296 , 10г , 5 , Дориков_ДП , mJXHPe0V
13 , Корабышев Кирилл Михаилович , 302 , 8и , 5 , Корабышев_КМ , JlJFliyi
14 , Ростовиков Константин Николаевич , 336 , 10а , 2 , Ростовиков_КН , i7BZ4U3S
15 , Нехаев Дмитрий Фёдорович , 129 , 7х , 4 , Нехаев_ДФ , 89bxz1AO
16 , Зызлова Мария Николаевна , 430 , 8г , 3 , Зызлова_МН , UUxdhaaP
17 , Королупов Валерий Тимофеевич , 397 , 10д , 5 , Королупов_ВТ , zoioFIj3
18 , Стенцов Евгений Яковлевич , 315 , 8и , 4 , Стенцов_ЕЯ , 7tO4TenW
19 , Феклисов Константин Виталиевич , 270 , 9т , None , Феклисов_КВ , 2AZXcy3S
20 , Синелев Руслан Тимофеевич , 300 , 8и , 2 , Синелев_РТ , hQUG0n6f
21 , Опевалова Вера Евгеньевна , 473 , 9д , 5 , Опевалова_ВЕ , kOym25UL
22 , Назерова Вероника Василевна , 206 , 7б , 5 , Назерова_ВВ , PVTiXytz
23 , Дименская Светлана Дмитриевна , 387 , 9д , 5 , Дименская_СД , kKSJeNZI
24 , Ковторева Раиса Василевна , 482 , 9и , 2 , Ковторева_РВ , gmtGfG6g
25 , Кулишнин Вячеслав Яковлевич , 386 , 11х , 5 , Кулишнин_ВЯ , GDAKc9Ma
26 , Лексин Кирилл Антонович , 139 , 7в , 5 , Лексин_КА , pzOI2dPv
27 , Лаковский Григорий Василиевич , 240 , 7д , 5 , Лаковский_ГВ , O8Vv0VFD
28 , Барамыкова Александра Алексеевна , 106 , 10а , 3 , Барамыкова_АА , yzxiO8cx
29 , Плясулина Оксана Андреевна , 346 , 8х , 2 , Плясулина_ОА , ZGJxrfTE
30 , Петрикеев Станислав Яковлевич , 14 , 7и , 4 , Петрикеев_СЯ , PJF23LHc
31 , Моторыгин Илья Георгиевич , 238 , 10и , 5 , Моторыгин_ИГ , 0WPlcIxu
32 , Рыков Тарас Павлович , 174 , 10и , 5 , Рыков_ТП , nz3ZOxzh
33 , Иончикова Елизавета Егоровна , 169 , 8д , 5 , Иончикова_ЕЕ , BxxKEvqS
34 , Смолькина Алиса Егоровна , 441 , 7г , 5 , Смолькина_АЕ , KMW1qwSe
35 , Оболенин Герасим Павлович , 472 , 7и , 4 , Оболенин_ГП , Lb9lFyAV
36 , Трощинский Георгий Борисович , 67 , 9д , 3 , Трощинский_ГБ , hFtsh23s
37 , Поддубская Лиза Игоревна , 496 , 10а , 4 , Поддубская_ЛИ , XBIeaYt0
38 , Телькова Валерия Олеговна , 335 , 7х , 4 , Телькова_ВО , I84tOVJ2
39 , Чигварина Александра Алексеевна , 428 , 10б , 2 , Чигварина_АА , IoeiG6lN
40 , Киреевский Артур Игоревич , 119 , 7в , 3 , Киреевский_АИ , 5OyV4hXu
41 , Шумейкин Роман Павлович , 420 , 8в , 5 , Шумейкин_РП , oztAxdoO
42 , Трушинов Максим Алексиевич , 82 , 8и , 4 , Трушинов_МА , 0n9HuUNK
43 , Голюков Денис Сергеевич , 62 , 11б , 4 , Голюков_ДС , yak7hMAg
44 , Хлиманкова Надежда Валерьевна , 461 , 10б , 3 , Хлиманкова_НВ , jvRC4V9e
45 , Кулаженков Алексей Олегович , 367 , 10в , 2 , Кулаженков_АО , ja7d6TIA
46 , Бутукин Владимир Адамович , 221 , 7х , 5 , Бутукин_ВА , YMfJG9OE
47 , Поддуев Леонид Олегович , 149 , 9х , 4 , Поддуев_ЛО , LnjNmjPd
48 , Ревцев Василий Павлович , 360 , 9х , 5 , Ревцев_ВП , sp0AqdCV
49 , Старокожев Артём Юрьевич , 46 , 8д , 3 , Старокожев_АЮ , uq3MNdRw
50 , Светошев Максим Михаилович , 321 , 10х , 2 , Светошев_ММ , F2NcCJUP
51 , Старынина Кристина Федоровна , 266 , 9д , 3 , Старынина_КФ , LxUhB0ze
52 , Востров Дмитрий Денисович , 282 , 9г , 3 , Востров_ДД , PZ0nUfki
53 , Бураханова Анастасия Леонидовна , 16 , 8г , 2 , Бураханова_АЛ , c3ye5XYG
54 , Понизов Виктор Кириллович , 214 , 11и , 5 , Понизов_ВК , ElbC6EFC
55 , Суздалев Валерий Алексеевич , 66 , 11т , 5 , Суздалев_ВА , jD4nfHtd
56 , Колендин Дмитрий Алексеевич , 153 , 10в , 4 , Колендин_ДА , YRuHAhtj
57 , Сулькова Екатерина Андреевна , 325 , 8и , 4 , Сулькова_ЕА , 1G5kH1YT
58 , Аржевитова Надежда Федоровна , 242 , 10в , 2 , Аржевитова_НФ , OcTl7UEj
59 , Крассов Валерий Олегович , 201 , 8х , 5 , Крассов_ВО , rwlXK9s4
60 , Сонураева Инна Андреевна , 450 , 9т , 3 , Сонураева_ИА , rbrYn8kG
61 , Пашин Роман Вадимович , 204 , 10д , 2 , Пашин_РВ , HGdA7chy
62 , Фичкина Евгения Федоровна , 29 , 11д , 3 , Фичкина_ЕФ , MkYPYDar
63 , Свилин Олег Виталиевич , 123 , 8в , 2 , Свилин_ОВ , O8mbXDW8
64 , Рогоцкий Андрей Адамович , 142 , 9в , 2 , Рогоцкий_АА , RsRFLFIG
65 , Ахантьев Игорь Валериевич , 80 , 10д , 5 , Ахантьев_ИВ , OVev3F2G
66 , Сочиникова Ксения Кирилловна , 100 , 10д , 2 , Сочиникова_КК , YbISRkaD
67 , Остюков Артур Романович , 329 , 11и , 3 , Остюков_АР , iY4lt5Vm
68 , Брюкина Оксана Викторовна , 98 , 8в , 5 , Брюкина_ОВ , ZTsT32NG
69 , Кузовенков Игорь Юрьевич , 322 , 9г , None , Кузовенков_ИЮ , uzlEfgj8
70 , Калухов Тарас Иванович , 207 , 11а , 3 , Калухов_ТИ , y4ycEJ0B
71 , Батыров Пётр Виталиевич , 227 , 7и , 3 , Батыров_ПВ , CNoCkCIl
72 , Озрина Катерина Валерьевна , 147 , 10а , 4 , Озрина_КВ , ZORT0Rcl
73 , Декалова Полина Леонидовна , 470 , 11д , 5 , Декалова_ПЛ , gwjcLt2q
74 , Лосицкий Владимир Кириллович , 369 , 9т , 5 , Лосицкий_ВК , p2uSZRWu
75 , Магнусов Пётр Максимович , 437 , 7и , 5 , Магнусов_ПМ , 0WZTFh7N
76 , Лавренков Михаил Василиевич , 188 , 9б , 2 , Лавренков_МВ , rU1bmdIL
77 , Шушкалова Вероника Алексеевна , 411 , 8т , 5 , Шушкалова_ВА , mwlF1cTC
78 , Бороданова Маргарита Дмитриевна , 118 , 7г , 5 , Бороданова_МД , nIcEprKq
79 , Циркина Виолетта Федоровна , 231 , 9г , 2 , Циркина_ВФ , YEO7Xa1l
80 , Болохина Екатерина Андреевна , 194 , 11д , 3 , Болохина_ЕА , 2m2dCYTA
81 , Чукалова Дарья Валерьевна , 20 , 10г , 4 , Чукалова_ДВ , FHRj2sVX
82 , Беловолов Степан Петрович , 222 , 9д , 2 , Беловолов_СП , pTX3VBrh
83 , Зудейкина Вероника Ивановна , 166 , 8и , 3 , Зудейкина_ВИ , z2erI673
84 , Макунова Мария Борисовна , 47 , 9в , 5 , Макунова_МБ , li0QDRbG
85 , Верзанский Геннадий Андреевич , 497 , 7д , 5 , Верзанский_ГА , ShqICJqi
86 , Алтубин Ярослав Леонидович , 414 , 10г , 5 , Алтубин_ЯЛ , Vfw2Yj4M
87 , Аузин Игорь Алексиевич , 435 , 8х , 5 , Аузин_ИА , JtT3Cr0E
88 , Калыгин Степан Тимофеевич , 353 , 8и , 2 , Калыгин_СТ , DSKb0Ejd
89 , Дурныгина Полина Игоревна , 72 , 8и , 2 , Дурныгина_ПИ , 7YXrd5sN
90 , Антюфеева Александра Вадимовна , 347 , 8и , 2 , Антюфеева_АВ , rw6J0IYe
91 , Лощинский Борис Романович , 210 , 10б , 3 , Лощинский_БР , 8TKLM8gU
92 , Ходорков Евгений Виталиевич , 344 , 9г , 5 , Ходорков_ЕВ , nIp4KUZ9
93 , Кафорин Федор Данилович , 427 , 10д , 3 , Кафорин_ФД , 9vUEWOzE
94 , Косынская Алиса Дмитриевна , 40 , 9в , 3 , Косынская_АД , TKBb64ot
95 , Беремцев Артём Антонович , 434 , 11т , 2 , Беремцев_АА , vQfqOHwH
96 , Влянская Мария Андреевна , 490 , 7т , 4 , Влянская_МА , cHR74pAU
97 , Мыгеева Лиза Василевна , 280 , 8в , 5 , Мыгеева_ЛВ , tkBVapzz
98 , Акутникова Мария Алексеевна , 173 , 11в , 2 , Акутникова_МА , MuPewtzo
99 , Карябкин Константин Максимович , 89 , 7и , 2 , Карябкин_КМ , 3cKQ6gRK
100 , Прилепина Яна Максимовна , 30 , 10в , 5 , Прилепина_ЯМ , Yh35ah9i
101 , Ведищев Никита Георгиевич , 365 , 7и , 5 , Ведищев_НГ , iz4mCM6Z
102 , Самчева Вероника Борисовна , 287 , 10г , 3 , Самчева_ВБ , Brh1l7ku
103 , Пирцхалова Карина Леонидовна , 452 , 10г , 5 , Пирцхалова_КЛ , odWYC9lk
104 , Павлочев Денис Борисович , 432 , 11д , 5 , Павлочев_ДБ , wC8P2x6o
105 , Арашкова Екатерина Евгеньевна , 356 , 8х , None , Арашкова_ЕЕ , 7MDxs2wM
106 , Байсарова Людмила Василевна , 215 , 11и , 2 , Байсарова_ЛВ , ZbPWT6xO
107 , Кудекина Зинаида Игоревна , 250 , 10и , 3 , Кудекина_ЗИ , JmxXiBUH
108 , Дерналов Виталий Викторович , 1 , 9г , 4 , Дерналов_ВВ , K9PnNrG4
109 , Сазинова Галина Романовна , 61 , 9и , 3 , Сазинова_ГР , noE3pZTe
110 , Остаченова Марина Эдуардовна , 229 , 9т , 5 , Остаченова_МЭ , m0YwbLAb
111 , Битюкова Яна Егоровна , 488 , 9и , 4 , Битюкова_ЯЕ , fVPoMORq
112 , Иваницкий Константин Борисович , 232 , 8д , 5 , Иваницкий_КБ , WPkyc8Q7
113 , Белянский Владислав Игоревич , 74 , 11б , 5 , Белянский_ВИ , ah53EHZB
114 , Баранкин Артём Алексеевич , 382 , 9т , 2 , Баранкин_АА , yHkhwe8i
115 , Шкабанова Софья Вадимовна , 499 , 9х , 4 , Шкабанова_СВ , txVXDNYj
116 , Полозлов Денис Адамович , 155 , 8т , 3 , Полозлов_ДА , UelFweXj
117 , Жунина Светлана Михайловна , 162 , 8в , 3 , Жунина_СМ , 6iRKix0l
118 , Пантыкин Борис Игоревич , 245 , 9х , 2 , Пантыкин_БИ , 9VWJCYxA
119 , Доутова Марина Богдановна , 189 , 11х , 2 , Доутова_МБ , 6j3Ej8e9
120 , Трещалова Яна Андреевна , 330 , 8б , 3 , Трещалова_ЯА , 5Ac1bUxS
121 , Ивашечкин Александр Данилович , 390 , 10т , 4 , Ивашечкин_АД , XQ6Fosp1
122 , Мазьянова Инна Богдановна , 416 , 11в , 4 , Мазьянова_ИБ , WbILLQuO
123 , Корогев Николай Евгеньевич , 184 , 8б , 5 , Корогев_НЕ , V82ImRoM
124 , Заидова Галина Максимовна , 88 , 9т , 4 , Заидова_ГМ , uCgbvfe9
125 , Рамхин Кирилл Алексиевич , 459 , 9х , 4 , Рамхин_КА , 6UDTsYMS
126 , Кизбабаев Эдуард Фёдорович , 415 , 11т , 2 , Кизбабаев_ЭФ , Wox64yRs
127 , Соурчаков Ярослав Валериевич , 268 , 8б , 2 , Соурчаков_ЯВ , Zsnnd26w
128 , Мотяшева Алена Михайловна , 404 , 7т , 2 , Мотяшева_АМ , jJ17o83U
129 , Горшкова Наталия Яковлевна , 340 , 11а , 2 , Горшкова_НЯ , OyBaksts
130 , Зябрицкий Игорь Виталиевич , 332 , 7а , 5 , Зябрицкий_ИВ , BF3V7ay8
131 , Шельдяев Игорь Юриевич , 97 , 7д , 5 , Шельдяев_ИЮ , p4mupwmg
132 , Шмелькин Максим Викторович , 483 , 9т , 5 , Шмелькин_МВ , JMsSdnc6
133 , Жалкин Алексей Алексеевич , 43 , 7а , 3 , Жалкин_АА , yGMLrori
134 , Худасов Денис Максимович , 70 , 10д , 2 , Худасов_ДМ , K0HmrQ9D
135 , Швичкова Наталья Эдуардовна , 398 , 7г , 4 , Швичкова_НЭ , inVxfeHi
136 , Едская Жанна Валерьевна , 436 , 11в , 4 , Едская_ЖВ , rPVXqybR
137 , Поморзина Полина Евгеньевна , 122 , 7д , 4 , Поморзина_ПЕ , WzISXgjH
138 , Будачева Кира Олеговна , 55 , 11х , 4 , Будачева_КО , oUYZxK05
139 , Молкаев Василий Валериевич , 216 , 8д , 2 , Молкаев_ВВ , rytP2nSc
140 , Яцынин Константин Тимофеевич , 285 , 7г , 2 , Яцынин_КТ , wRnDCtia
141 , Маховиков Василий Петрович , 391 , 7х , 4 , Маховиков_ВП , lcuusOqU
142 , Шаметова Евгения Вадимовна , 463 , 7а , 2 , Шаметова_ЕВ , 74Mgp8C6
143 , Законнова Жанна Евгеньевна , 442 , 11и , None , Законнова_ЖЕ , uonhLwWC
144 , Перчихин Аркадий Тимофеевич , 164 , 10т , 3 , Перчихин_АТ , orUKa0md
145 , Бурдасова Ксения Игоревна , 203 , 9а , 3 , Бурдасова_КИ , qGVFvFOC
146 , Киссин Степан Иванович , 251 , 7х , 5 , Киссин_СИ , s15Gprgn
147 , Вапилина Мария Егоровна , 77 , 7д , 2 , Вапилина_МЕ , rQ1k4ec3
148 , Сигутина Дарья Федоровна , 458 , 7б , 2 , Сигутина_ДФ , QxFRskGB
149 , Сошьяков Альберт Фёдорович , 17 , 7т , 4 , Сошьяков_АФ , U4YfiDbP
150 , Лугахина Клара Вадимовна , 419 , 8в , 4 , Лугахина_КВ , uPPB5jGf
151 , Логецкий Анатолий Виталиевич , 372 , 11б , 4 , Логецкий_АВ , XjpeSY5Q
152 , Ковайкова Юлия Егоровна , 75 , 10г , 2 , Ковайкова_ЮЕ , X6DmKjuF
153 , Вермутский Валерий Петрович , 447 , 9и , 5 , Вермутский_ВП , lUEbvqfK
154 , Россомахов Олег Юриевич , 56 , 8в , 2 , Россомахов_ОЮ , xZTfoD4J
155 , Циплакова Екатерина Егоровна , 471 , 9б , 5 , Циплакова_ЕЕ , pxT3p8hy
156 , Квятцева Алла Никитична , 138 , 11в , 2 , Квятцева_АН , 26xX8rOB
157 , Выхухолева Лариса Василевна , 384 , 8б , 5 , Выхухолева_ЛВ , ECEqlrGu
158 , Целохов Андрей Вадимович , 433 , 8и , 5 , Целохов_АВ , Kkn8U0yV
159 , Бендин Иван Яковлевич , 71 , 8и , 4 , Бендин_ИЯ , ZoAMmI23
160 , Лазученков Василий Алексеевич , 381 , 7х , 2 , Лазученков_ВА , r0TqIYAO
161 , Скоропухов Михаил Василиевич , 69 , 10и , 3 , Скоропухов_МВ , AYj7GzJq
162 , Мухонкин Тарас Романович , 126 , 9и , 4 , Мухонкин_ТР , IDh2Xe5C
163 , Камерцев Владимир Кириллович , 303 , 7а , 3 , Камерцев_ВК , fAvK1As5
164 , Сандрыкина Анна Олеговна , 324 , 10т , 2 , Сандрыкина_АО , E9fdXAPS
165 , Недбайлов Алексей Денисович , 15 , 7т , 2 , Недбайлов_АД , kppJjbPO
166 , Серпков Ярослав Георгиевич , 380 , 10б , 4 , Серпков_ЯГ , jRPd0Uxl
167 , Хатшуклов Аркадий Николаевич , 42 , 11т , 4 , Хатшуклов_АН , HWxY85yn
168 , Литвалиева Алиса Егоровна , 10 , 11и , 3 , Литвалиева_АЕ , qU42OxLf
169 , Енесина Лиза Валерьевна , 293 , 9б , 5 , Енесина_ЛВ , xTMgBzlI
170 , Пикальков Эдуард Алексиевич , 21 , 8д , 5 , Пикальков_ЭА , sg7MlsqQ
171 , Сачинский Валентин Кириллович , 125 , 10т , 2 , Сачинский_ВК , g4lZp9Lz
172 , Тарзанова Евгения Аркадьевна , 96 , 9д , 2 , Тарзанова_ЕА , K4c74cpm
173 , Лапундин Юрий Игоревич , 267 , 8и , 5 , Лапундин_ЮИ , 50hszTXd
174 , Личева Лиза Михайловна , 453 , 9б , 3 , Личева_ЛМ , atjLRpBY
175 , Смароверов Яков Борисович , 131 , 11в , 4 , Смароверов_ЯБ , pZKwBRnr
176 , Вереина Алла Василевна , 295 , 10и , 3 , Вереина_АВ , TdjgPisP
177 , Погиблева Дарья Леонидовна , 283 , 9в , 5 , Погиблева_ДЛ , y4jwN27I
178 , Байнова Анастасия Вадимовна , 363 , 7б , 3 , Байнова_АВ , L7lptaRI
179 , Шиловский Вячеслав Максимович , 438 , 9и , 4 , Шиловский_ВМ , yGJd1TDb
180 , Сыждиков Пётр Василиевич , 494 , 11х , 5 , Сыждиков_ПВ , LvCnfd5K
181 , Каценова Алёна Эдуардовна , 165 , 11т , 2 , Каценова_АЭ , Jj4Rw7jc
182 , Мужицких Ева Олеговна , 348 , 8х , 3 , Мужицких_ЕО , 5Ze1ydDz
183 , Плеснецов Степан Юрьевич , 22 , 10а , 2 , Плеснецов_СЮ , yFPY8aJr
184 , Игумнова Алёна Сергеевна , 114 , 9д , 4 , Игумнова_АС , g2GDsXCD
185 , Хадаров Владимир Валериевич , 278 , 11т , 5 , Хадаров_ВВ , IOzGrMeJ
186 , Ступакова Кира Ивановна , 421 , 8и , 3 , Ступакова_КИ , ahfpGl2z
187 , Шоленинов Федор Максимович , 286 , 11т , 4 , Шоленинов_ФМ , BpI581vZ
188 , Гундаров Руслан Николаевич , 158 , 9д , 4 , Гундаров_РН , NV23Ht4q
189 , Гречишева Марина Андреевна , 464 , 7д , 2 , Гречишева_МА , QqHD2cD4
190 , Утилова Алена Андреевна , 253 , 11д , 3 , Утилова_АА , 3jbnaTZT
191 , Роткичева Алиса Максимовна , 410 , 10а , 4 , Роткичева_АМ , QatVvDsX
192 , Колтышева Марина Вадимовна , 87 , 11г , 4 , Колтышева_МВ , NaCM2ayp
193 , Гурычева Лариса Валерьевна , 489 , 9б , 2 , Гурычева_ЛВ , OKhrebkB
194 , Горцева Кристина Никитична , 246 , 8и , 4 , Горцева_КН , 0RMk2L5K
195 , Кутурин Геннадий Денисович , 197 , 9в , 2 , Кутурин_ГД , swbkgbIY
196 , Стефанков Яков Евгеньевич , 318 , 10г , 3 , Стефанков_ЯЕ , BM4Qslg3
197 , Множина Людмила Василевна , 90 , 8б , 2 , Множина_ЛВ , 8EnKwWsP
198 , Семисалов Георгий Иванович , 316 , 9в , 3 , Семисалов_ГИ , K1J5WJHG
199 , Рогалов Альберт Валериевич , 327 , 9б , 2 , Рогалов_АВ , GcQIuNiZ
200 , Черетаева Анастасия Олеговна , 341 , 9б , 2 , Черетаева_АО , ULkTct3y
201 , Радоминова Любовь Игоревна , 25 , 9и , 5 , Радоминова_ЛИ , cV1OWZXU
202 , Шувырина Лиза Андреевна , 395 , 9а , 5 , Шувырина_ЛА , j78nVPmh
203 , Калиженков Семён Алексеевич , 401 , 11а , 4 , Калиженков_СА , PHsub3Zu
204 , Старокашин Константин Петрович , 309 , 10а , 3 , Старокашин_КП , Rykzc4JA
205 , Малтоцов Аркадий Яковлевич , 218 , 8а , 3 , Малтоцов_АЯ , UBmA9Zis
206 , Кузеванова Ева Егоровна , 116 , 7д , 2 , Кузеванова_ЕЕ , MPo6wFRQ
207 , Нурулина Алёна Егоровна , 284 , 9х , 2 , Нурулина_АЕ , hAwjTBlO
208 , Лератов Герасим Сергеевич , 374 , 10а , 4 , Лератов_ГС , F7lOIVEM
209 , Людин Руслан Аркадиевич , 498 , 7и , 3 , Людин_РА , ydi5xcP6
210 , Пурин Виктор Данилович , 154 , 8и , 5 , Пурин_ВД , mszUam1j
211 , Лютов Виктор Юрьевич , 288 , 11г , 2 , Лютов_ВЮ , fJG235pr
212 , Марюшкина Яна Федоровна , 345 , 10д , 5 , Марюшкина_ЯФ , 5vZt8Smm
213 , Томилова Кристина Михайловна , 492 , 11б , 3 , Томилова_КМ , GsKJl30Q
214 , Дистерев Валерий Валериевич , 24 , 7г , 3 , Дистерев_ВВ , MQu8Ig0G
215 , Дочкин Геннадий Алексиевич , 52 , 11и , 5 , Дочкин_ГА , l0J4nLiL
216 , Иняхин Руслан Сергеевич , 234 , 7и , 5 , Иняхин_РС , Wup22HpI
217 , Знайкова Раиса Егоровна , 148 , 11х , 3 , Знайкова_РЕ , wQtbkp3E
218 , Кашавцев Аркадий Леонидович , 58 , 7а , 4 , Кашавцев_АЛ , RTaWoKih
219 , Пятернина Кристина Андреевна , 445 , 7и , 2 , Пятернина_КА , YXd5BGTv
220 , Гусеева Карина Викторовна , 263 , 9и , 2 , Гусеева_КВ , FzmIFLzj
221 , Кастева Яна Сергеевна , 108 , 7и , 2 , Кастева_ЯС , 8MSsuq2D
222 , Гришанин Тарас Павлович , 113 , 10т , 2 , Гришанин_ТП , 8vclpCQV
223 , Грамоткин Илья Викторович , 195 , 8д , 5 , Грамоткин_ИВ , d4mhXrsJ
224 , Мелисин Геннадий Василиевич , 465 , 10г , 2 , Мелисин_ГВ , BtM73K74
225 , Цинина Светлана Яковлевна , 105 , 11г , 5 , Цинина_СЯ , rVim1HAF
226 , Петов Георгий Адамович , 57 , 9а , 2 , Петов_ГА , 8fBUbNbT
227 , Реева Валентина Максимовна , 146 , 11и , 5 , Реева_ВМ , hZIENEIF
228 , Слесивых Мария Аркадьевна , 35 , 7и , 5 , Слесивых_МА , y5LrnvzX
229 , Афтаева Полина Ивановна , 193 , 10д , 5 , Афтаева_ПИ , Uamiqaj8
230 , Кривицкий Валентин Виталиевич , 208 , 8х , 5 , Кривицкий_ВВ , YJdtOkgf
231 , Чубатов Константин Леонидович , 279 , 11а , 4 , Чубатов_КЛ , ucrhgEXw
232 , Партенков Геннадий Павлович , 418 , 8х , 3 , Партенков_ГП , ucEcbSB2
233 , Черушев Григорий Борисович , 84 , 7г , 4 , Черушев_ГБ , nzfpDwoW
234 , Тютекин Георгий Тимофеевич , 262 , 7а , 2 , Тютекин_ГТ , eXA3La2F
235 , Янкевский Вячеслав Адамович , 167 , 11г , 4 , Янкевский_ВА , 5ozmJPoI
236 , Сухручкина Клавдия Аркадьевна , 177 , 7в , 4 , Сухручкина_КА , bf0uDfNL
237 , Конофалова Клара Петровна , 95 , 11д , 5 , Конофалова_КП , Iqegz7iH
238 , Лигасов Михаил Павлович , 491 , 11г , 4 , Лигасов_МП , DfizPVdA
239 , Писарьков Альберт Игоревич , 313 , 8в , 4 , Писарьков_АИ , 5LxG5oAN
240 , Варов Кирилл Иванович , 28 , 8а , 5 , Варов_КИ , wVItk3os
241 , Пурынов Евгений Петрович , 244 , 9и , 3 , Пурынов_ЕП , nx0xjbME
242 , Супрутская Вероника Викторовна , 187 , 9а , 2 , Супрутская_ВВ , tHBOOwPy
243 , Скроцкая Алина Федоровна , 127 , 8г , 3 , Скроцкая_АФ , GUFBaWnd
244 , Барадулин Вадим Юрьевич , 281 , 11х , 3 , Барадулин_ВЮ , Vb0cV7qR
245 , Точилин Дмитрий Фёдорович , 476 , 8а , 2 , Точилин_ДФ , 62pHz5cA
246 , Бикмуллин Руслан Валериевич , 333 , 11т , 2 , Бикмуллин_РВ , emUky8nb
247 , Серпичев Василий Алексиевич , 394 , 10х , 5 , Серпичев_ВА , KwajClBp
248 , Вострышев Яков Аркадиевич , 343 , 8г , 5 , Вострышев_ЯА , TGCANPiT
249 , Грушчева София Евгеньевна , 480 , 11в , None , Грушчева_СЕ , TJcBW6z4
250 , Кулапов Александр Юрьевич , 109 , 9б , 5 , Кулапов_АЮ , osnspLcM
251 , Чибисенков Владислав Фёдорович , 375 , 8х , 3 , Чибисенков_ВФ , OFmGbApX
252 , Утилов Роман Василиевич , 254 , 9х , 2 , Утилов_РВ , WyEXJF0J
253 , Татаурова Галина Федоровна , 145 , 10т , 4 , Татаурова_ГФ , wcYQGWax
254 , Визавитина Наталия Леонидовна , 101 , 10г , 2 , Визавитина_НЛ , lOv0nXd5
255 , Мягченков Артём Денисович , 115 , 7б , 4 , Мягченков_АД , LxBAtccS
256 , Брикова Инна Богдановна , 256 , 9б , 4 , Брикова_ИБ , YXLyHn8y
257 , Наторкин Валентин Данилович , 319 , 7и , 2 , Наторкин_ВД , ni5g9eJM
258 , Эштрекова Софья Алексеевна , 76 , 9в , 3 , Эштрекова_СА , 3MZbvrbO
259 , Кутаманова Кира Андреевна , 182 , 10т , 2 , Кутаманова_КА , y6Gasvfr
260 , Кыштымова Евгения Эдуардовна , 255 , 8в , 5 , Кыштымова_ЕЭ , 9FGVdYMo
261 , Ккнязева Клавдия Дмитриевна , 34 , 7б , 5 , Ккнязева_КД , ZEAIjNOs
262 , Глаголина Алиса Никитична , 249 , 9д , 2 , Глаголина_АН , pS4C3OE5
263 , Рисина Раиса Валерьевна , 451 , 10а , 4 , Рисина_РВ , YfkztQwP
264 , Ребров Алексей Георгиевич , 289 , 8и , 3 , Ребров_АГ , 0vsshYOl
265 , Вырысалова Александра Евгеньевна , 39 , 11и , 2 , Вырысалова_АЕ , Gmfv6Dtn
266 , Гомольский Владимир Юриевич , 314 , 11х , 5 , Гомольский_ВЮ , QWiHXDAL
267 , Швинова Марина Федоровна , 271 , 8г , 5 , Швинова_МФ , AgJYtiZ9
268 , Рудковская Инна Дмитриевна , 6 , 7т , 3 , Рудковская_ИД , C51FPFBt
269 , Решеткина Дарья Василевна , 408 , 10и , 3 , Решеткина_ДВ , us7IUmFN
270 , Евстихеев Игорь Василиевич , 422 , 10х , 5 , Евстихеев_ИВ , BLU8K3RB
271 , Лазарина Алёна Федоровна , 161 , 8б , 3 , Лазарина_АФ , lzbsMcS6
272 , Гляченков Григорий Николаевич , 431 , 10а , 5 , Гляченков_ГН , wBiqgISb
273 , Чардынцева Алина Вадимовна , 135 , 10д , 3 , Чардынцева_АВ , n1DJcXjz
274 , Скаредов Яков Иванович , 337 , 9т , 5 , Скаредов_ЯИ , acBPvGRE
275 , Юрицкий Эдуард Денисович , 192 , 7д , 3 , Юрицкий_ЭД , 0v60pZbw
276 , Кравчина Светлана Аркадьевна , 413 , 11г , 5 , Кравчина_СА , Y4Q5a67x
277 , Чмареткова Полина Вадимовна , 449 , 10а , 2 , Чмареткова_ПВ , ExpsphVU
278 , Углова Галина Романовна , 260 , 9г , 3 , Углова_ГР , StCsxeYW
279 , Згуровская Виктория Андреевна , 220 , 9т , 4 , Згуровская_ВА , HqSiL1hB
280 , Секерский Станислав Сергеевич , 235 , 10а , 4 , Секерский_СС , 6Un7qT3k
281 , Жевайкин Евгений Адамович , 86 , 11г , 3 , Жевайкин_ЕА , 5tH4LQc8
282 , Коточигов Семён Игоревич , 26 , 9д , 5 , Коточигов_СИ , XX73BARz
283 , Калонин Альберт Денисович , 297 , 8б , 2 , Калонин_АД , FpPtRRXk
284 , Валягин Григорий Антонович , 94 , 10в , 4 , Валягин_ГА , 3n0Kx9Pa
285 , Коцева Кристина Николаевна , 412 , 9г , 3 , Коцева_КН , jtNHfLnm
286 , Голина Кристина Максимовна , 3 , 7х , 3 , Голина_КМ , b03O5aoi
287 , Батрамеев Анатолий Романович , 354 , 9х , 3 , Батрамеев_АР , rKT9aBy2
288 , Чикмарев Валентин Валериевич , 306 , 9и , 5 , Чикмарев_ВВ , 2ixHNuPo
289 , Киницына Валерия Олеговна , 202 , 7х , 4 , Киницына_ВО , vaH9099d
290 , Числин Юрий Денисович , 121 , 7в , 2 , Числин_ЮД , bJCVdvYH
291 , Стебунова Юлия Романовна , 358 , 9т , 3 , Стебунова_ЮР , zfTeV1TK
292 , Кацов Павел Павлович , 236 , 10г , 5 , Кацов_ПП , N00jONKq
293 , Гоцев Тарас Викторович , 41 , 8в , 3 , Гоцев_ТВ , Ep2rRljA
294 , Мотовицкий Роман Аркадиевич , 31 , 11и , 5 , Мотовицкий_РА , dLVQDYiY
295 , Чурзина Клара Егоровна , 308 , 10б , 3 , Чурзина_КЕ , bWNcVpew
296 , Щепалкина Валерия Сергеевна , 134 , 9б , 4 , Щепалкина_ВС , 6fdyxPmW
297 , Утимишев Ярослав Игоревич , 239 , 11а , 3 , Утимишев_ЯИ , 1ToqVcD6
298 , Алуханов Кирилл Фёдорович , 298 , 7т , 2 , Алуханов_КФ , wuVOCxyf
299 , Полунеев Валентин Валериевич , 307 , 8и , 2 , Полунеев_ВВ , PiwHnaX2
300 , Крупенова Наталия Андреевна , 209 , 7в , 5 , Крупенова_НА , JujpJARA
301 , Корнюшин Илья Юрьевич , 44 , 10т , 3 , Корнюшин_ИЮ , rJ5ECHXK
302 , Паушева Виолетта Никитична , 310 , 8г , 4 , Паушева_ВН , tfUaqptI
303 , Берзин Герасим Антонович , 349 , 11т , 5 , Берзин_ГА , BCMlzEKr
304 , Шулунова Алла Алексеевна , 54 , 7д , 4 , Шулунова_АА , 2J9zJVHK
305 , Трепашова София Яковлевна , 399 , 11а , 2 , Трепашова_СЯ , ygjFwYJC
306 , Чумейкин Константин Антонович , 8 , 8б , 5 , Чумейкин_КА , OBKbhp7d
307 , Польшиков Денис Игоревич , 495 , 9и , 2 , Польшиков_ДИ , c0O9YLKY
308 , Медоусова Жанна Романовна , 252 , 7б , 2 , Медоусова_ЖР , W7Y7AW48
309 , Акуратова Клавдия Андреевна , 92 , 9г , 5 , Акуратова_КА , EocR4JfU
310 , Курмеева Елизавета Валерьевна , 486 , 8а , 5 , Курмеева_ЕВ , DVcsKzhb
311 , Бадов Александр Аркадиевич , 217 , 10г , 3 , Бадов_АА , 8bFw5Xri
312 , Бакушин Эдуард Адамович , 265 , 7б , 5 , Бакушин_ЭА , 4yNLQNxI
313 , Чебина Инна Сергеевна , 273 , 10т , 2 , Чебина_ИС , NaGXDTri
314 , Подледнова Наталья Ивановна , 112 , 11и , 3 , Подледнова_НИ , azhy1oGP
315 , Садгеева Лиза Евгеньевна , 460 , 11г , 3 , Садгеева_ЛЕ , YpLbPXoJ
316 , Акушин Борис Павлович , 493 , 9т , 2 , Акушин_БП , jmSXowbR
317 , Аришев Руслан Кириллович , 379 , 10т , 3 , Аришев_РК , L63En4S8
318 , Гуслова Кристина Олеговна , 389 , 9в , 2 , Гуслова_КО , PaPengYv
319 , Глоточкина Оксана Аркадьевна , 370 , 9и , 5 , Глоточкина_ОА , Wlj0Dp4U
320 , Шапина Маргарита Романовна , 163 , 8б , 5 , Шапина_МР , lgjznY9E
321 , Дурылин Георгий Валериевич , 261 , 11т , 4 , Дурылин_ГВ , 4Eo3PLCo
322 , Болкисева Анна Викторовна , 248 , 7х , 4 , Болкисева_АВ , VnqBG3M4
323 , Багапов Вячеслав Сергеевич , 99 , 7д , 4 , Багапов_ВС , Qe4hRrSn
324 , Люцарева Яна Аркадьевна , 376 , 11б , 2 , Люцарева_ЯА , JJVYUIxA
325 , Боготынина София Егоровна , 63 , 11б , 5 , Боготынина_СЕ , t4Te9sc7
326 , Саюшкин Игорь Алексиевич , 211 , 11х , 5 , Саюшкин_ИА , WWwyGBw7
327 , Потешных Тамара Николаевна , 468 , 11в , 3 , Потешных_ТН , mvb8OCWd
328 , Незлина Жанна Василевна , 426 , 8б , 5 , Незлина_ЖВ , ltNfHedv
329 , Федичева Вероника Кирилловна , 37 , 7х , 4 , Федичева_ВК , 1zF3bzg0
330 , Пустынкин Вадим Антонович , 388 , 10в , 5 , Пустынкин_ВА , sNW44COq
331 , Аринакова Ирина Михайловна , 150 , 8в , 5 , Аринакова_ИМ , ARmsrL44
332 , Обиралкова Мария Егоровна , 294 , 11т , 5 , Обиралкова_МЕ , 9Cud960q
333 , Аристарова Валентина Максимовна , 443 , 11г , 2 , Аристарова_ВМ , TkO2Gy80
334 , Яуров Герасим Юрьевич , 38 , 9а , 5 , Яуров_ГЮ , WiN1v4BT
335 , Духонькин Вячеслав Фёдорович , 2 , 9в , 4 , Духонькин_ВФ , AaVYexFA
336 , Гвасков Евгений Михаилович , 402 , 9в , 5 , Гвасков_ЕМ , U2MxMWEC
337 , Жабынина Галина Николаевна , 185 , 7х , 5 , Жабынина_ГН , HUQDG1Tb
338 , Шерюкова Виолетта Романовна , 440 , 9б , 4 , Шерюкова_ВР , 6exSl6t6
339 , Колокатов Пётр Евгеньевич , 484 , 10в , 3 , Колокатов_ПЕ , LAbIW7TR
340 , Шайдуков Андрей Михаилович , 317 , 9и , 4 , Шайдуков_АМ , f71IdAJ1
341 , Смирнягина Дарья Игоревна , 425 , 10в , 4 , Смирнягина_ДИ , Jg9oDMHe
342 , Штырева Ева Олеговна , 258 , 11и , 2 , Штырева_ЕО , qNtpoJXJ
343 , Ашукин Вячеслав Михаилович , 191 , 10т , 4 , Ашукин_ВМ , bHn9obpQ
344 , Рубченкова Галина Алексеевна , 190 , 9в , 3 , Рубченкова_ГА , 9Aiz3qUu
345 , Зархин Иван Алексиевич , 478 , 11и , 5 , Зархин_ИА , ygJbMFL6
346 , Адиотов Дмитрий Павлович , 156 , 7б , 3 , Адиотов_ДП , 1arGfBKE
347 , Тищенкова Раиса Валерьевна , 79 , 7д , 3 , Тищенкова_РВ , xEXUllf1
348 , Лозеев Илья Петрович , 205 , 10д , 2 , Лозеев_ИП , Lpf32oyV
349 , Кобяшов Герасим Михаилович , 305 , 11т , 2 , Кобяшов_ГМ , Fh0fiOFk
350 , Ронова Клавдия Валерьевна , 107 , 7и , 4 , Ронова_КВ , gK4u24QF
351 , Стрижнов Алексей Евгеньевич , 385 , 11г , 3 , Стрижнов_АЕ , ciSEgLCK
352 , Волынский Алексей Виталиевич , 362 , 11т , 5 , Волынский_АВ , 7hSjcJOe
353 , Машонский Василий Данилович , 23 , 9д , 5 , Машонский_ВД , 5QwExJT1
354 , Буриева Зинаида Аркадьевна , 104 , 11д , 4 , Буриева_ЗА , VDYKSYQQ
355 , Борщина Алёна Ивановна , 377 , 11а , 5 , Борщина_АИ , 2s5V0YVh
356 , Белчков Олег Иванович , 275 , 10а , 4 , Белчков_ОИ , QlDFQH0J
357 , Остропиков Альберт Данилович , 157 , 8г , 2 , Остропиков_АД , 7j2nAMxm
358 , Оргонова Любовь Максимовна , 264 , 7б , 4 , Оргонова_ЛМ , 5zolaLTB
359 , Мальков Юрий Евгеньевич , 228 , 7г , 3 , Мальков_ЮЕ , jxyOHFt6
360 , Свльхова Наталья Вадимовна , 160 , 9т , 5 , Свльхова_НВ , iGFOVtDd
361 , Мякушков Герасим Леонидович , 102 , 10т , 3 , Мякушков_ГЛ , c99IxVgl
362 , Межуев Георгий Юриевич , 355 , 8г , 4 , Межуев_ГЮ , O8Sy2RLe
363 , Чериншев Александр Сергеевич , 439 , 8а , 2 , Чериншев_АС , QgA15S04
364 , Муниров Алексей Андреевич , 117 , 11г , 3 , Муниров_АА , aAsO2VBt
365 , Климухин Руслан Романович , 269 , 10в , 3 , Климухин_РР , gLkwHt0n
366 , Дембская Екатерина Никитична , 64 , 11б , 4 , Дембская_ЕН , IEEiRxvD
367 , Тюнеев Яков Фёдорович , 417 , 10т , 2 , Тюнеев_ЯФ , 2cyacYhN
368 , Трушитин Антон Данилович , 168 , 9х , 3 , Трушитин_АД , RanWdVQ1
369 , Балакишиев Роман Алексиевич , 143 , 11х , 5 , Балакишиев_РА , DsqBTsat
370 , Немтюрева Валерия Аркадьевна , 12 , 10г , 4 , Немтюрева_ВА , 6O3JHnQ9
371 , Складанова Клавдия Аркадьевна , 257 , 9а , 3 , Складанова_КА , uyzrvY5K
372 , Заходина Полина Леонидовна , 93 , 10д , 4 , Заходина_ПЛ , 84BpqDFn
373 , Муринов Анатолий Борисович , 171 , 11б , 5 , Муринов_АБ , McktcLlm
374 , Гришалова Любовь Евгеньевна , 301 , 8т , 3 , Гришалова_ЛЕ , szVNSnLJ
375 , Ситчихин Станислав Георгиевич , 247 , 8т , 5 , Ситчихин_СГ , FlKWKFz4
376 , Просяных Георгий Василиевич , 366 , 9в , 2 , Просяных_ГВ , EjKCroch
377 , Дзабиев Григорий Георгиевич , 259 , 11д , 5 , Дзабиев_ГГ , 4Fnm4d8n
378 , Рыбаулин Григорий Алексеевич , 140 , 11а , 5 , Рыбаулин_ГА , xqJ9kZFE
379 , Тупиева Екатерина Ивановна , 400 , 7д , 2 , Тупиева_ЕИ , XPcbOkk4
380 , Куверчева Алена Ивановна , 170 , 10д , 3 , Куверчева_АИ , fWkLc9ma
381 , Цаблинова Виктория Богдановна , 342 , 9г , 4 , Цаблинова_ВБ , mpwyKhtg
382 , Синенков Григорий Леонидович , 230 , 9в , 5 , Синенков_ГЛ , tc0ZcPIP
383 , Лизункин Артур Олегович , 4 , 11в , 5 , Лизункин_АО , zmOmjFDd
384 , Славущева Александра Эдуардовна , 81 , 8а , 5 , Славущева_АЭ , yMICj7RL
385 , Шахвердов Дмитрий Антонович , 132 , 11б , 2 , Шахвердов_ДА , 7nZ3lUtD
386 , Рапацкая Ольга Ивановна , 223 , 10г , 3 , Рапацкая_ОИ , qxSxETTF
387 , Сторокожев Виталий Аркадиевич , 159 , 9б , 2 , Сторокожев_ВА , YmeM8fn0
388 , Половодов Кирилл Николаевич , 18 , 8т , 5 , Половодов_КН , QA8Vwt2S
389 , Халтанова Алена Дмитриевна , 49 , 8б , 3 , Халтанова_АД , CdmEAyiV
390 , Заложнев Роман Фёдорович , 448 , 8в , 4 , Заложнев_РФ , eytRzkZx
391 , Рыжих Кристина Аркадьевна , 213 , 7а , 4 , Рыжих_КА , jeoXkLT2
392 , Буров Руслан Игоревич , 405 , 11и , 5 , Буров_РИ , NOeUQzf2
393 , Гачков Виталий Евгеньевич , 277 , 9т , 4 , Гачков_ВЕ , OOiKAPeN
394 , Кадилов Геннадий Борисович , 225 , 10в , 3 , Кадилов_ГБ , hSn7AN6T
395 , Гликина Алёна Эдуардовна , 454 , 9б , 3 , Гликина_АЭ , vMncjiru
396 , Ичкинина Любовь Андреевна , 299 , 8г , 5 , Ичкинина_ЛА , uPJ1ZtNW
397 , Мозшорина Кира Дмитриевна , 65 , 8б , 3 , Мозшорина_КД , mRMjgYND
398 , Брижеватов Константин Борисович , 152 , 11т , 2 , Брижеватов_КБ , Ea1QQjZ8
399 , Бучеров Тарас Викторович , 429 , 10д , 4 , Бучеров_ТВ , NiilzKtE
400 , Мисютина Валерия Эдуардовна , 368 , 9г , 2 , Мисютина_ВЭ , cDmtqaCP
401 , Льянов Федор Вадимович , 328 , 8а , 4 , Льянов_ФВ , EWHUpGNK
402 , Щуркин Георгий Яковлевич , 180 , 8в , 4 , Щуркин_ГЯ , t6HBcL6K
403 , Акулин Федор Адамович , 241 , 10г , 4 , Акулин_ФА , AewTAgNJ
404 , Волженкова Екатерина Ивановна , 233 , 9д , 4 , Волженкова_ЕИ , 33OTNJ0b
405 , Махометова София Викторовна , 424 , 8и , 3 , Махометова_СВ , LkDuPFbY
406 , Зызлов Геннадий Антонович , 274 , 7в , 3 , Зызлов_ГА , EZlmmxW6
407 , Девляшова Кира Олеговна , 51 , 11д , 5 , Девляшова_КО , 1KuFGYY1
408 , Яковкина Алена Никитична , 320 , 9т , 5 , Яковкина_АН , 1mDGAZ28
409 , Бузулев Вадим Николаевич , 331 , 10д , 3 , Бузулев_ВН , GvNrPRMC
410 , Ганельский Юрий Юриевич , 474 , 9д , 3 , Ганельский_ЮЮ , 9CoavCRf
411 , Шкапрова Ева Ивановна , 371 , 7б , 5 , Шкапрова_ЕИ , IyXpSuLi
412 , Чичирин Владимир Георгиевич , 11 , 10а , 4 , Чичирин_ВГ , HA2kVlhq
413 , Шилова Надежда Викторовна , 124 , 9б , 2 , Шилова_НВ , GhRAW67A
414 , Коваев Руслан Михаилович , 487 , 9т , 3 , Коваев_РМ , tG7a4vCc
415 , Саверина Надежда Андреевна , 407 , 11б , 4 , Саверина_НА , OC1i08Lj
416 , Тишанкин Олег Адамович , 334 , 9д , 3 , Тишанкин_ОА , a82MCNam
417 , Широпаев Валерий Сергеевич , 406 , 9б , 2 , Широпаев_ВС , 3v8NkLo9
418 , Щепанин Олег Адамович , 226 , 7а , 3 , Щепанин_ОА , s9oSYmrs
419 , Оплетин Владислав Аркадиевич , 361 , 10х , 4 , Оплетин_ВА , fY2HFT4d
420 , Оденова Карина Андреевна , 409 , 8и , 4 , Оденова_КА , 880FZF5w
421 , Семагин Альберт Андреевич , 456 , 10х , 4 , Семагин_АА , pYonUWbg
422 , Черданцева Анастасия Олеговна , 128 , 8х , 3 , Черданцева_АО , NOr0bKXQ
423 , Лонцова Елизавета Эдуардовна , 224 , 7х , 3 , Лонцова_ЕЭ , HBeO1JUA
424 , Сарсекеева Алёна Никитична , 462 , 11и , 4 , Сарсекеева_АН , vvUVH8Te
425 , Аковецкий Антон Евгеньевич , 500 , 8б , 4 , Аковецкий_АЕ , ey7z8ROu
426 , Аратский Станислав Борисович , 351 , 9и , 2 , Аратский_СБ , gLdg5RIu
427 , Чужриков Пётр Денисович , 200 , 9в , 3 , Чужриков_ПД , xstQzr2C
428 , Никитшин Алексей Кириллович , 111 , 11и , 3 , Никитшин_АК , 9cvlGrhu
429 , Симендяев Василий Алексиевич , 45 , 8д , 4 , Симендяев_ВА , B59Bzav4
430 , Ошитков Максим Сергеевич , 151 , 10г , 4 , Ошитков_МС , JT7ZGmNi
431 , Юрасов Евгений Романович , 338 , 9и , 3 , Юрасов_ЕР , jtRxjl9V
432 , Головяшин Павел Юриевич , 179 , 7г , 5 , Головяшин_ПЮ , 5bpdtPsK
433 , Манжурина Екатерина Сергеевна , 219 , 7т , 3 , Манжурина_ЕС , PpXDiDkj
434 , Никурашин Олег Евгеньевич , 291 , 11х , 2 , Никурашин_ОЕ , B0R5UY2J
435 , Бехтерев Федор Вадимович , 137 , 9х , 3 , Бехтерев_ФВ , 24flaglE
436 , Годлевская Катерина Дмитриевна , 403 , 11г , 3 , Годлевская_КД , CKDGPD1b
437 , Акиярова Алина Эдуардовна , 9 , 11а , 4 , Акиярова_АЭ , IKTZtn7h
438 , Милина Алена Петровна , 359 , 8г , 3 , Милина_АП , Ztc3MSqn
439 , Воловин Борис Викторович , 350 , 7т , 2 , Воловин_БВ , 4NWPKfzU
440 , Туморина Ксения Федоровна , 133 , 8б , 5 , Туморина_КФ , bdv2eUZo
441 , Желейков Вячеслав Яковлевич , 199 , 8г , 3 , Желейков_ВЯ , QsLXqQmm
442 , Шишорнина Екатерина Алексеевна , 183 , 8т , 3 , Шишорнина_ЕА , CT3dneHe
443 , Юумогулова Виолетта Игоревна , 311 , 10х , 3 , Юумогулова_ВИ , abbO5JLS
444 , Рецков Денис Денисович , 85 , 10д , 2 , Рецков_ДД , NpWmGcpH
445 , Химунина Елизавета Ивановна , 392 , 7д , 2 , Химунина_ЕИ , hciSiFIh
446 , Кобрянов Александр Алексиевич , 455 , 7т , 2 , Кобрянов_АА , 09XxxaYY
447 , Бирылов Тарас Данилович , 243 , 11а , 3 , Бирылов_ТД , xZl5pbeV
448 , Туфатулин Ярослав Леонидович , 485 , 8х , 4 , Туфатулин_ЯЛ , pidBkBg5
449 , Долбишев Николай Аркадиевич , 292 , 10б , 5 , Долбишев_НА , gad2qlZW
450 , Махтумова Алёна Эдуардовна , 186 , 10б , 4 , Махтумова_АЭ , IfjNfz9t
451 , Нарзаркин Алексей Романович , 423 , 10т , 2 , Нарзаркин_АР , 5FTnF4Yb
452 , Куранина Алена Леонидовна , 196 , 9б , 4 , Куранина_АЛ , Jwz7BwQr
453 , Ситюков Аркадий Евгеньевич , 32 , 10в , 3 , Ситюков_АЕ , vbGpbHN8
454 , Мизюрова Алиса Никитична , 176 , 7г , 4 , Мизюрова_АН , WH8nwLCW
455 , Пандурова Алиса Дмитриевна , 130 , 9б , 2 , Пандурова_АД , 3rz1qT3A
456 , Жилейкин Борис Тимофеевич , 91 , 7в , 2 , Жилейкин_БТ , upYauYYN
457 , Корпункова Виолетта Сергеевна , 83 , 11а , 3 , Корпункова_ВС , QrEhd6VP
458 , Пашохонова Анастасия Федоровна , 467 , 9в , 4 , Пашохонова_АФ , crptlEdm
459 , Сузальцева Тамара Михайловна , 357 , 8х , 4 , Сузальцева_ТМ , cJxVhHiY
460 , Чиличкина Светлана Яковлевна , 5 , 8в , 5 , Чиличкина_СЯ , YNwVUF8k
461 , Шантыкова Карина Максимовна , 198 , 10д , 3 , Шантыкова_КМ , vTAztrkQ
462 , Недосекин Владислав Яковлевич , 457 , 10а , 4 , Недосекин_ВЯ , UWONwh8S
463 , Максимкин Федор Фёдорович , 172 , 10г , 2 , Максимкин_ФФ , aTKohHTP
464 , Матбиюшина Виктория Игоревна , 237 , 8д , 2 , Матбиюшина_ВИ , 8mnpgsIM
465 , Шишкунов Герасим Юрьевич , 110 , 8т , 4 , Шишкунов_ГЮ , TRpHHbqJ
466 , Сухинин Георгий Алексиевич , 475 , 10х , 4 , Сухинин_ГА , 4fE0LWqL
467 , Бисеева Полина Романовна , 48 , 7д , 5 , Бисеева_ПР , TdtyoE9d
468 , Жукулов Михаил Денисович , 60 , 11г , 3 , Жукулов_МД , VINlSBwX
469 , Тоняев Герасим Петрович , 378 , 9т , 5 , Тоняев_ГП , jubsXGxr
470 , Шушенкова Алёна Олеговна , 36 , 7и , 2 , Шушенкова_АО , Fh4NNgRR
471 , Разроев Дмитрий Павлович , 59 , 9а , 2 , Разроев_ДП , z5W1zxGH
472 , Баззаев Анатолий Данилович , 339 , 9д , 2 , Баззаев_АД , UV763jQY
473 , Цекова Алла Олеговна , 50 , 8д , 2 , Цекова_АО , TztVWerj
474 , Аборонова Алиса Алексеевна , 444 , 7г , 5 , Аборонова_АА , yo2aAMjZ
475 , Ягловская Ева Олеговна , 181 , 8в , 4 , Ягловская_ЕО , PBcHukWJ
476 , Шароварова Яна Романовна , 175 , 8а , 4 , Шароварова_ЯР , F9CkF0Tu
477 , Общев Яков Викторович , 466 , 8а , 4 , Общев_ЯВ , S9SAZflo
478 , Ойзерская Катерина Эдуардовна , 120 , 7х , 2 , Ойзерская_КЭ , JDhqVjFy
479 , Прусский Ярослав Иванович , 479 , 11б , 2 , Прусский_ЯИ , NT7Ll2Vc
480 , Лабинов Павел Алексеевич , 272 , 7б , 5 , Лабинов_ПА , KwX7wGGO
481 , Покровов Эдуард Павлович , 312 , 8б , 2 , Покровов_ЭП , wz8Q9X62
482 , Мачехин Эдуард Данилович , 19 , 7д , 3 , Мачехин_ЭД , eXdcbA7s
483 , Кодорская Раиса Ивановна , 27 , 11б , 3 , Кодорская_РИ , ped6HvoO
484 , Кондраева Марина Ивановна , 469 , 9д , 3 , Кондраева_МИ , 1evnLkGz
485 , Бульенков Валентин Иванович , 136 , 10т , 4 , Бульенков_ВИ , 4bBZvAjf
486 , Тагакова Вероника Яковлевна , 393 , 8т , 4 , Тагакова_ВЯ , EemIiK9u
487 , Гершанова Любовь Евгеньевна , 383 , 11т , 5 , Гершанова_ЛЕ , rACmy0VP
488 , Салина Алена Егоровна , 73 , 11в , 5 , Салина_АЕ , qZBlKOnr
489 , Фрумова Зинаида Аркадьевна , 78 , 8а , 4 , Фрумова_ЗА , FbW3nPeR
490 , Хорняков Борис Борисович , 13 , 8г , 2 , Хорняков_ББ , 1g4KZFnv
491 , Гдагазина Лиза Василевна , 212 , 9т , 5 , Гдагазина_ЛВ , kA8iuKvs
492 , Агаршев Ярослав Михаилович , 276 , 9т , 2 , Агаршев_ЯМ , b7Fgjonh
493 , Корюшин Пётр Антонович , 326 , 8х , 2 , Корюшин_ПА , dHT9WOMy
494 , Калаев Пётр Алексиевич , 68 , 8а , 3 , Калаев_ПА , Z7tVpRpG
495 , Ккаталкина Виолетта Егоровна , 53 , 7б , 2 , Ккаталкина_ВЕ , oGqEsUBF
496 , Рачнов Герасим Алексеевич , 103 , 10а , 5 , Рачнов_ГА , 4zdr7U71
497 , Миндубаева Людмила Леонидовна , 477 , 11и , 2 , Миндубаева_ЛЛ , EWJhYGGT
498 , Агафьева Вера Ивановна , 352 , 11х , 3 , Агафьева_ВИ , EALfXKRb
499 , Житин Эдуард Адамович , 481 , 9а , 5 , Житин_ЭА , ueZhUXKK
